{
  "use-fahrenheit": {
    "type": "switch",
    "default": false,
    "description": "Show temperature in Fahrenheit"
  },
  "only-integer-part": {
    "type": "switch",
    "default": false,
    "description": "Use integer values for temperature"
  },
  "show-unit": {
    "type": "switch",
    "default": true,
    "description": "Show unit",
    "tooltip": "Whether or not show the unit after the temperature value."
  },
  "show-unit-letter": {
    "type": "switch",
    "default": false,
    "description": "Show unit letter",
    "tooltip": "Whether or not show the unit letter (C or F).",
    "dependency": "show-unit"
  },
  "show-label-prefix": {
    "type": "switch",
    "default": false,
    "description": "Show label prefix",
    "tooltip": "Whether or not to add a label before the temperature value."
  },
  "label-prefix": {
    "type": "entry",
    "default": "🌡",
    "description": "Label prefix",
    "tooltip": "The label to be shown before the temperature value.",
    "dependency": "show-label-prefix"
  },
  "interval": {
    "type": "spinbutton",
    "default": 5000,
    "min": 2000,
    "max": 30000,
    "step": 100,
    "units": "ms",
    "description": "Update interval"
  },
  "change-color": {
    "type": "switch",
    "default": true,
    "description": "Change color when the temperature becomes High or Critical",
    "tooltip": "Selecting this option, this applet becomes\n orange when the High Temperature Threshold is reached,\n red when the Critical Temperature Threshold is reached."
  },
  "only-colors": {
    "type": "switch",
    "default": false,
    "dependency": "change-color",
    "description": "Only use colors to alert me",
    "tooltip": "Select this option to not display text alerts in horizontal panels.\n(No text alert is ever displayed on vertical panels.)"
  }
}
